Var1,Var2,Var3,Var4,Var5,subjID
0.650850483926558,0.450090299256569,0.343355523541848,0.361674022157449,0.305772084516167,013
0.499436789220646,0.443591713153179,0.433892985781448,0.400757583831212,0.350298964298907,004
0.391510449408127,0.477859934246496,0.390876482573211,0.410453577274384,0.26513935616067,019
0.423531717200922,0.307615345218754,0.319792689930678,0.341012775118143,0.212150441610058,022
1.05997517362288,0.918112014723032,0.68392919476431,0.726424170643772,0.560068765807493,012
0.396266761972728,0.416408437994974,0.218007578631155,0.302348662342073,0.202439497875462,021
0.585138260018109,0.501149127568376,0.390055395591381,0.287012480539492,0.284160913100319,003
0.868325100774237,0.737520158216275,0.546234896305746,0.733094784173027,0.392476985608838,025
