Var1,Var2,Var3,Var4,Var5,subjID
0.937225139333238,0.714027319401317,0.610909514843314,0.469949180974986,0.439520878245363,013
0.954512912706171,1.17032728361007,0.884817209131459,0.595341094652047,0.929236461829959,004
0.791031154030486,0.656901156202506,0.525983793501021,0.348134470150055,0.293598480620535,019
0.542632435952814,0.532750994648103,0.86884513326419,0.401504117476624,0.446048701871402,022
1.48817933947134,1.27695951896753,1.14272493045589,1.19092875206139,1.0338019429889,012
0.902901553143982,0.549540492836654,0.594925283084968,0.563921298377191,0.299635383376629,021
1.3161810722675,0.91257384642811,1.37333978145192,0.583026126728682,0.971093695671654,003
0.94434426843701,0.656409294435842,0.591488996459978,0.683969199031232,0.39152877640032,025
