Var1,Var2,Var3,Var4,Var5,subjID
-0.315763982164704,-0.368686559067225,-0.203124032953586,-0.276722322155981,-0.224404767562848,013
-0.354559163527261,-0.0974342145329974,-0.328324607901141,-0.229636686006361,-0.134121749810161,004
-0.522646707734105,-0.360541128063987,-0.25696078035331,-0.170807200361326,-0.211331773119316,019
-0.601203007956545,-0.415514423692384,-0.416964288354806,-0.425132871015398,-0.389234830207923,022
-0.16265352580111,-0.171421866210442,-0.215800172075646,-0.166814553197015,-0.109016276259831,012
-0.235579695918802,-0.454592053487485,-0.30536558155669,-0.509242722363638,-0.353346308570198,021
-0.247623900553023,-0.24328098693463,-0.257303237239908,-0.133400993924966,-0.111601884574042,003
-0.632821715445321,-0.379508393703761,-0.41546703165684,-0.200789714368172,-0.259948061909623,025
