Var1,Var2,Var3,Var4,Var5,subjID
1.54720523267283,0.99072214416787,0.806188268701615,0.809699961275685,0.628510997506798,013
0.92867010027995,0.709305050845802,0.693444595390733,0.566847664295432,0.55256078563916,004
0.993523367803726,0.875843769876321,0.727253963329195,0.66170830301939,0.62514534279033,019
10.192456592568,4.9767189571374,5.67812556455689,3.5883171390464,2.50348518832258,022
1.19129105611595,0.989979109700248,0.949018703046274,0.649480014151276,0.588526446471223,012
1.32110063728945,0.987332082422372,0.934418523381004,0.867902768032148,0.832941131019374,021
1.25026397491173,0.664721196726225,0.741906218263906,0.581509428808933,0.464425203851711,003
1.58739132850145,1.23891896341871,1.15550217699732,0.956487049636955,0.782331332838524,025
